{
   "Integer": 27,
   "Float": 22.293542861938477,
   "JSONObject": {
      "Integer": 44,
      "Float": -3.131237030029297,
      "String": "DLEBM",
      "Boolean": false
   },
   "JSONArray": [
      true,
      80,
      9.897428512573242,
      "QQASZ"
   ],
   "String": "JDSOU",
   "Boolean": true
}